Workbook

Sheet Products
A1: ProductID | B1: Product | C1: Price
A2: 101 | B2: Product A | C2: 120
A3: 102 | B3: Product B | C3: 150
A4: 103 | B4: Product C | C4: 200
A5: 104 | B5: Product D | C5: 90
A6: 105 | B6: Product E | C6: 220
A7: 106 | B7: Product F | C7: 130

Sheet Orders
A1: OrderID | B1: ProductID | C1: Quantity | D1: TotalPrice | E1: 1st Answer | G1: 3rd Answer | I1: DiscountedPrice (4th Answer)
A2: 1 | B2: 101 | C2: 2 | D2: =VLOOKUP(B2, [1]Products!$A$2:$C$7, 3, FALSE) -> 120 | E2: =VLOOKUP(B2, [1]Products!$A$2:$C$7, 2, FALSE) -> Product A | G2: =IFERROR(VLOOKUP(B2, Products!$A$2:$C$7, 2, FALSE), "ProductID not found") -> Product A | I2: =VLOOKUP(B2, Products!$A$2:$C$7, 3, FALSE) * (1 - 10%) -> 108
A3: 2 | B3: 103 | C3: 1 | D3: =VLOOKUP(B3, [1]Products!$A$2:$C$7, 3, FALSE) -> 200 | E3: =VLOOKUP(B3, [1]Products!$A$2:$C$7, 2, FALSE) -> Product C | G3: =IFERROR(VLOOKUP(B3, Products!$A$2:$C$7, 2, FALSE), "ProductID not found") -> Product C | I3: =VLOOKUP(B3, Products!$A$2:$C$7, 3, FALSE) * (1 - 10%) -> 180
A4: 3 | B4: 105 | C4: 4 | D4: =VLOOKUP(B4, [1]Products!$A$2:$C$7, 3, FALSE) -> 220 | E4: =VLOOKUP(B4, [1]Products!$A$2:$C$7, 2, FALSE) -> Product E | G4: =IFERROR(VLOOKUP(B4, Products!$A$2:$C$7, 2, FALSE), "ProductID not found") -> Product E | I4: =VLOOKUP(B4, Products!$A$2:$C$7, 3, FALSE) * (1 - 10%) -> 198
A5: 4 | B5: 106 | C5: 3 | D5: =VLOOKUP(B5, [1]Products!$A$2:$C$7, 3, FALSE) -> 130 | E5: =VLOOKUP(B5, [1]Products!$A$2:$C$7, 2, FALSE) -> Product F | G5: =IFERROR(VLOOKUP(B5, Products!$A$2:$C$7, 2, FALSE), "ProductID not found") -> Product F | I5: =VLOOKUP(B5, Products!$A$2:$C$7, 3, FALSE) * (1 - 10%) -> 117
A6: 5 | B6: 102 | C6: 5 | D6: =VLOOKUP(B6, [1]Products!$A$2:$C$7, 3, FALSE) -> 150 | E6: =VLOOKUP(B6, [1]Products!$A$2:$C$7, 2, FALSE) -> Product B | G6: =IFERROR(VLOOKUP(B6, Products!$A$2:$C$7, 2, FALSE), "ProductID not found") -> Product B | I6: =VLOOKUP(B6, Products!$A$2:$C$7, 3, FALSE) * (1 - 10%) -> 135
A7: 6 | B7: 104 | C7: 6 | D7: =VLOOKUP(B7, [1]Products!$A$2:$C$7, 3, FALSE) -> 90 | E7: =VLOOKUP(B7, [1]Products!$A$2:$C$7, 2, FALSE) -> Product D | G7: =IFERROR(VLOOKUP(B7, Products!$A$2:$C$7, 2, FALSE), "ProductID not found") -> Product D | I7: =VLOOKUP(B7, Products!$A$2:$C$7, 3, FALSE) * (1 - 10%) -> 81
H17: Sir I would like to discuss these with you
