Workbook

Sheet Employee_Master
A1: EmpID | B1: First Name | C1: Last Name | D1: Department | E1: Annual Salary
A2: E001 | B2: Sarah | C2: Connor | D2: IT | E2: 85000
A3: E002 | B3: John | C3: Smith | D3: Sales | E3: 62000
A4: E003 | B4: Emily | C4: Blunt | D4: HR | E4: 58000
A5: E004 | B5: Michael | C5: Scott | D5: Management | E5: 95000
A6: E005 | B6: Diana | C6: Prince | D6: IT | E6: 88000
A7: E006 | B7: Clark | C7: Kent | D7: Journalism | E7: 55000

Sheet Performance_Review
A1: ReviewID | B1: EmpID | C1: Rating (1-5) | D1: Department (Task 1) | E1: Annual Salary (Task 3) | F1: Bonus Multiplier | G1: Computed Bonus (Task 4)
A2: 101 | B2: E002 | C2: 4 | D2: =VLOOKUP(B2, Employee_Master!$A$2:$D$7, 4, FALSE) -> Sales | E2: =IFERROR(VLOOKUP(B2, Employee_Master!$A$2:$E$7, 5, FALSE), "Contractor") -> 62000 | F2: 1.1 | G2: =IFERROR(VLOOKUP(B2, Employee_Master!$A$2:$E$7, 5, FALSE) * F2, "Contractor") -> 68200
A3: 102 | B3: E005 | C3: 5 | D3: =VLOOKUP(B3, Employee_Master!$A$2:$D$7, 4, FALSE) -> IT | E3: =IFERROR(VLOOKUP(B3, Employee_Master!$A$2:$E$7, 5, FALSE), "Contractor") -> 88000 | F3: 1.15 | G3: =IFERROR(VLOOKUP(B3, Employee_Master!$A$2:$E$7, 5, FALSE) * F3, "Contractor") -> 101200
A4: 103 | B4: E001 | C4: 3 | D4: =VLOOKUP(B4, Employee_Master!$A$2:$D$7, 4, FALSE) -> IT | E4: =IFERROR(VLOOKUP(B4, Employee_Master!$A$2:$E$7, 5, FALSE), "Contractor") -> 85000 | F4: 1.05 | G4: =IFERROR(VLOOKUP(B4, Employee_Master!$A$2:$E$7, 5, FALSE) * F4, "Contractor") -> 89250
A5: 104 | B5: E004 | C5: 4 | D5: =VLOOKUP(B5, Employee_Master!$A$2:$D$7, 4, FALSE) -> Management | E5: =IFERROR(VLOOKUP(B5, Employee_Master!$A$2:$E$7, 5, FALSE), "Contractor") -> 95000 | F5: 1.1 | G5: =IFERROR(VLOOKUP(B5, Employee_Master!$A$2:$E$7, 5, FALSE) * F5, "Contractor") -> 104500
A6: 105 | B6: E999 | C6: 2 | D6: =VLOOKUP(B6, Employee_Master!$A$2:$D$7, 4, FALSE) -> #N/A | E6: =IFERROR(VLOOKUP(B6, Employee_Master!$A$2:$E$7, 5, FALSE), "Contractor") -> Contractor | F6: 1 | G6: =IFERROR(VLOOKUP(B6, Employee_Master!$A$2:$E$7, 5, FALSE) * F6, "Contractor") -> Contractor
A7: 106 | B7: E003 | C7: 3 | D7: =VLOOKUP(B7, Employee_Master!$A$2:$D$7, 4, FALSE) -> HR | E7: =IFERROR(VLOOKUP(B7, Employee_Master!$A$2:$E$7, 5, FALSE), "Contractor") -> 58000 | F7: 1.05 | G7: =IFERROR(VLOOKUP(B7, Employee_Master!$A$2:$E$7, 5, FALSE) * F7, "Contractor") -> 60900
A10: =VLOOKUP("E004", Employee_Master!$A$2:$E$7, 2, FALSE) -> Michael | B10: =VLOOKUP("E004", Employee_Master!$A$2:$E$7, 3, FALSE) -> Scott | C10: 4- Calculation Answer
J11: I have did these all in Google Sheets because the XLOOKUP doesnt work in excel 2013
A12: {=INDEX(Employee_Master!$A$2:$A$7, MATCH("Kent", Employee_Master!$C$2:$C$7, 0))} -> E006 | C12: 5- Left Lookup
A14: =IFERROR(MATCH(A2, Performance_Review!$B$2:$B$7, 0), "Missing") -> Missing | C14: 6- Missing Data Check
